{"cameraMode":{"drawMode":0,"name":"Shaded","section":"Shading Mode"},"sceneLighting":true,"audioPlay":false,"sceneViewState":{"m_AlwaysRefresh":false,"showFog":true,"showSkybox":true,"showFlares":true,"showImageEffects":true,"showParticleSystems":true,"showVisualEffectGraphs":true,"m_FxEnabled":true},"in2DMode":false,"pivot":{"x":-1.7287877798080445,"y":-15.224230766296387,"z":15.792240142822266},"rotation":{"x":0.2684699296951294,"y":-0.005784826818853617,"z":0.0016122895758599043,"w":0.963267982006073},"size":28.01527976989746,"orthographic":false}